{"name":null,"assets":"aoy4:pathy34:assets%2Fdata%2Fdata-goes-here.txty4:sizezy4:typey4:TEXTy2:idR1y7:preloadtgoR0y36:assets%2Fimages%2Fimages-go-here.txtR2zR3R4R5R7R6tgoR0y36:assets%2Fmusic%2Fmusic-goes-here.txtR2zR3R4R5R8R6tgoR0y36:assets%2Fsounds%2Fsounds-go-here.txtR2zR3R4R5R9R6tgoR2i2114R3y5:MUSICR5y26:flixel%2Fsounds%2Fbeep.mp3y9:pathGroupaR11y26:flixel%2Fsounds%2Fbeep.ogghR6tgoR2i39706R3R10R5y28:flixel%2Fsounds%2Fflixel.mp3R12aR14y28:flixel%2Fsounds%2Fflixel.ogghR6tgoR2i5794R3y5:SOUNDR5R13R12aR11R13hgoR2i33629R3R16R5R15R12aR14R15hgoR2i15744R3y4:FONTy9:classNamey35:__ASSET__flixel_fonts_nokiafc22_ttfR5y30:flixel%2Ffonts%2Fnokiafc22.ttfR6tgoR2i29724R3R17R18y36:__ASSET__flixel_fonts_monsterrat_ttfR5y31:flixel%2Ffonts%2Fmonsterrat.ttfR6tgoR0y33:flixel%2Fimages%2Fui%2Fbutton.pngR2i519R3y5:IMAGER5R23R6tgoR0y36:flixel%2Fimages%2Flogo%2Fdefault.pngR2i3280R3R24R5R25R6tgh","rootPath":null,"version":2,"libraryArgs":[],"libraryType":null}